number,title,difficulty,acceptance,family,statement_brief,url,slug,source_list
94,Binary Tree Inorder Traversal,Easy,80.0%,DFS traversal,Return the inorder traversal of a binary tree's node values.,https://leetcode.com/problems/binary-tree-inorder-traversal/,binary-tree-inorder-traversal,"uploaded LeetCode Binary Tree list, full 180 paste"
95,Unique Binary Search Trees II,Medium,62.4%,Tree generation / Catalan,Generate every structurally unique BST containing values 1..n.,https://leetcode.com/problems/unique-binary-search-trees-ii/,unique-binary-search-trees-ii,"uploaded LeetCode Binary Tree list, full 180 paste"
96,Unique Binary Search Trees,Medium,63.7%,Counting / Catalan DP,Count how many structurally unique BSTs can store values 1..n.,https://leetcode.com/problems/unique-binary-search-trees/,unique-binary-search-trees,"uploaded LeetCode Binary Tree list, full 180 paste"
98,Validate Binary Search Tree,Medium,35.7%,BST invariant,Determine whether a binary tree satisfies the strict BST ordering invariant.,https://leetcode.com/problems/validate-binary-search-tree/,validate-binary-search-tree,"uploaded LeetCode Binary Tree list, full 180 paste"
99,Recover Binary Search Tree,Medium,59.5%,BST recovery,Recover a BST where exactly two node values were swapped by mistake.,https://leetcode.com/problems/recover-binary-search-tree/,recover-binary-search-tree,"uploaded LeetCode Binary Tree list, full 180 paste"
100,Same Tree,Easy,67.0%,Structural comparison,Check whether two binary trees have identical structure and values.,https://leetcode.com/problems/same-tree/,same-tree,"uploaded LeetCode Binary Tree list, full 180 paste"
101,Symmetric Tree,Easy,61.1%,Structural comparison,Check whether a binary tree is symmetric around its center.,https://leetcode.com/problems/symmetric-tree/,symmetric-tree,"uploaded LeetCode Binary Tree list, full 180 paste"
102,Binary Tree Level Order Traversal,Medium,72.6%,BFS / level traversal,Return the node values of a binary tree level by level from left to right.,https://leetcode.com/problems/binary-tree-level-order-traversal/,binary-tree-level-order-traversal,"uploaded LeetCode Binary Tree list, full 180 paste"
103,Binary Tree Zigzag Level Order Traversal,Medium,63.6%,BFS / level traversal,Return level-order values while alternating left-to-right and right-to-left order by level.,https://leetcode.com/problems/binary-tree-zigzag-level-order-traversal/,binary-tree-zigzag-level-order-traversal,"uploaded LeetCode Binary Tree list, full 180 paste"
104,Maximum Depth of Binary Tree,Easy,78.1%,Depth / height,Compute the maximum root-to-leaf depth of a binary tree.,https://leetcode.com/problems/maximum-depth-of-binary-tree/,maximum-depth-of-binary-tree,"uploaded LeetCode Binary Tree list, full 180 paste"
105,Construct Binary Tree from Preorder and Inorder Traversal,Medium,68.7%,Construction from traversals,Reconstruct a binary tree from preorder and inorder traversal arrays.,https://leetcode.com/problems/construct-binary-tree-from-preorder-and-inorder-traversal/,construct-binary-tree-from-preorder-and-inorder-traversal,"uploaded LeetCode Binary Tree list, full 180 paste"
106,Construct Binary Tree from Inorder and Postorder Traversal,Medium,68.5%,Construction from traversals,Reconstruct a binary tree from inorder and postorder traversal arrays.,https://leetcode.com/problems/construct-binary-tree-from-inorder-and-postorder-traversal/,construct-binary-tree-from-inorder-and-postorder-traversal,"uploaded LeetCode Binary Tree list, full 180 paste"
107,Binary Tree Level Order Traversal II,Medium,68.1%,BFS / level traversal,Return level-order values from bottom level to top level.,https://leetcode.com/problems/binary-tree-level-order-traversal-ii/,binary-tree-level-order-traversal-ii,"uploaded LeetCode Binary Tree list, full 180 paste"
108,Convert Sorted Array to Binary Search Tree,Easy,75.5%,BST construction,Convert a sorted array into a height-balanced BST.,https://leetcode.com/problems/convert-sorted-array-to-binary-search-tree/,convert-sorted-array-to-binary-search-tree,"uploaded LeetCode Binary Tree list, full 180 paste"
109,Convert Sorted List to Binary Search Tree,Medium,66.5%,BST construction,Convert a sorted linked list into a height-balanced BST.,https://leetcode.com/problems/convert-sorted-list-to-binary-search-tree/,convert-sorted-list-to-binary-search-tree,"uploaded LeetCode Binary Tree list, full 180 paste"
110,Balanced Binary Tree,Easy,58.3%,Depth / height / balance,Check whether every node's left and right subtree heights differ by at most one.,https://leetcode.com/problems/balanced-binary-tree/,balanced-binary-tree,"uploaded LeetCode Binary Tree list, full 180 paste"
111,Minimum Depth of Binary Tree,Easy,52.8%,Depth / height,Compute the shortest depth from root to any real leaf node.,https://leetcode.com/problems/minimum-depth-of-binary-tree/,minimum-depth-of-binary-tree,"uploaded LeetCode Binary Tree list, full 180 paste"
112,Path Sum,Easy,54.8%,Root-to-leaf path,Determine whether some root-to-leaf path sums to the target.,https://leetcode.com/problems/path-sum/,path-sum,"uploaded LeetCode Binary Tree list, full 180 paste"
113,Path Sum II,Medium,62.1%,Root-to-leaf path,Return all root-to-leaf paths whose values sum to the target.,https://leetcode.com/problems/path-sum-ii/,path-sum-ii,"uploaded LeetCode Binary Tree list, full 180 paste"
114,Flatten Binary Tree to Linked List,Medium,70.6%,Mutation / rewiring,Flatten a binary tree in-place into a right-child-only chain in preorder order.,https://leetcode.com/problems/flatten-binary-tree-to-linked-list/,flatten-binary-tree-to-linked-list,"uploaded LeetCode Binary Tree list, full 180 paste"
116,Populating Next Right Pointers in Each Node,Medium,67.1%,Next-pointer linking,Populate each node's next pointer to its adjacent node on the right in a perfect binary tree.,https://leetcode.com/problems/populating-next-right-pointers-in-each-node/,populating-next-right-pointers-in-each-node,"uploaded LeetCode Binary Tree list, full 180 paste"
117,Populating Next Right Pointers in Each Node II,Medium,57.5%,Next-pointer linking,Populate each node's next pointer to its adjacent node on the right in any binary tree.,https://leetcode.com/problems/populating-next-right-pointers-in-each-node-ii/,populating-next-right-pointers-in-each-node-ii,"uploaded LeetCode Binary Tree list, full 180 paste"
124,Binary Tree Maximum Path Sum,Hard,42.3%,Tree DP / global optimum,Find the maximum possible sum of any non-empty path in a binary tree.,https://leetcode.com/problems/binary-tree-maximum-path-sum/,binary-tree-maximum-path-sum,"uploaded LeetCode Binary Tree list, full 180 paste"
129,Sum Root to Leaf Numbers,Medium,69.9%,Root-to-leaf path,Treat each root-to-leaf path as a number and return the total of those numbers.,https://leetcode.com/problems/sum-root-to-leaf-numbers/,sum-root-to-leaf-numbers,"uploaded LeetCode Binary Tree list, full 180 paste"
144,Binary Tree Preorder Traversal,Easy,75.6%,DFS traversal,Return the preorder traversal of a binary tree's node values.,https://leetcode.com/problems/binary-tree-preorder-traversal/,binary-tree-preorder-traversal,"uploaded LeetCode Binary Tree list, full 180 paste"
145,Binary Tree Postorder Traversal,Easy,78.0%,DFS traversal,Return the postorder traversal of a binary tree's node values.,https://leetcode.com/problems/binary-tree-postorder-traversal/,binary-tree-postorder-traversal,"uploaded LeetCode Binary Tree list, full 180 paste"
156,Binary Tree Upside Down,Medium,65.5%,Mutation / rewiring,Transform a binary tree so the original left spine becomes the new right/upside-down structure.,https://leetcode.com/problems/binary-tree-upside-down/,binary-tree-upside-down,"uploaded LeetCode Binary Tree list, full 180 paste"
173,Binary Search Tree Iterator,Medium,76.4%,BST iterator,Implement an iterator over a BST that returns values in ascending order.,https://leetcode.com/problems/binary-search-tree-iterator/,binary-search-tree-iterator,"uploaded LeetCode Binary Tree list, full 180 paste"
199,Binary Tree Right Side View,Medium,70.1%,BFS / view,Return the values visible when the tree is viewed from the right side.,https://leetcode.com/problems/binary-tree-right-side-view/,binary-tree-right-side-view,"uploaded LeetCode Binary Tree list, full 180 paste"
222,Count Complete Tree Nodes,Easy,72.5%,Complete tree,Count nodes in a complete binary tree more efficiently than naive traversal when possible.,https://leetcode.com/problems/count-complete-tree-nodes/,count-complete-tree-nodes,"uploaded LeetCode Binary Tree list, full 180 paste"
226,Invert Binary Tree,Easy,80.0%,Mutation / rewiring,Invert a binary tree by swapping left and right children recursively or iteratively.,https://leetcode.com/problems/invert-binary-tree/,invert-binary-tree,"uploaded LeetCode Binary Tree list, full 180 paste"
230,Kth Smallest Element in a BST,Medium,76.8%,BST inorder query,Return the kth smallest value in a BST.,https://leetcode.com/problems/kth-smallest-element-in-a-bst/,kth-smallest-element-in-a-bst,"uploaded LeetCode Binary Tree list, full 180 paste"
235,Lowest Common Ancestor of a Binary Search Tree,Medium,70.5%,BST LCA,Find the lowest common ancestor of two nodes in a BST using ordering properties.,https://leetcode.com/problems/lowest-common-ancestor-of-a-binary-search-tree/,lowest-common-ancestor-of-a-binary-search-tree,"uploaded LeetCode Binary Tree list, full 180 paste"
236,Lowest Common Ancestor of a Binary Tree,Medium,69.2%,Unclassified,Find the lowest common ancestor of two nodes in a general binary tree.,https://leetcode.com/problems/lowest-common-ancestor-of-a-binary-tree/,lowest-common-ancestor-of-a-binary-tree,"uploaded LeetCode Binary Tree list, full 180 paste"
250,Count Univalue Subtrees,Medium,57.5%,Subtree property DP,Count subtrees whose nodes all have the same value.,https://leetcode.com/problems/count-univalue-subtrees/,count-univalue-subtrees,"uploaded LeetCode Binary Tree list, full 180 paste"
255,Verify Preorder Sequence in Binary Search Tree,Medium,51.8%,BST preorder validation,Verify whether an array can be the preorder traversal of some BST.,https://leetcode.com/problems/verify-preorder-sequence-in-binary-search-tree/,verify-preorder-sequence-in-binary-search-tree,"uploaded LeetCode Binary Tree list, full 180 paste"
257,Binary Tree Paths,Easy,68.6%,Root-to-leaf path,Return all root-to-leaf paths as strings/lists of node values.,https://leetcode.com/problems/binary-tree-paths/,binary-tree-paths,"uploaded LeetCode Binary Tree list, full 180 paste"
270,Closest Binary Search Tree Value,Easy,49.2%,BST closest value,Find the BST value closest to a target number.,https://leetcode.com/problems/closest-binary-search-tree-value/,closest-binary-search-tree-value,"uploaded LeetCode Binary Tree list, full 180 paste"
272,Closest Binary Search Tree Value II,Hard,61.2%,BST closest values,Return k values in a BST that are closest to a target number.,https://leetcode.com/problems/closest-binary-search-tree-value-ii/,closest-binary-search-tree-value-ii,"uploaded LeetCode Binary Tree list, full 180 paste"
285,Inorder Successor in BST,Medium,51.2%,BST successor,Find the inorder successor of a given node in a BST.,https://leetcode.com/problems/inorder-successor-in-bst/,inorder-successor-in-bst,"uploaded LeetCode Binary Tree list, full 180 paste"
297,Serialize and Deserialize Binary Tree,Hard,60.7%,Serialization,Design serialization and deserialization for arbitrary binary trees.,https://leetcode.com/problems/serialize-and-deserialize-binary-tree/,serialize-and-deserialize-binary-tree,"uploaded LeetCode Binary Tree list, full 180 paste"
298,Binary Tree Longest Consecutive Sequence,Medium,54.7%,Tree DP / consecutive path,Find the longest parent-to-child path where values increase consecutively by one.,https://leetcode.com/problems/binary-tree-longest-consecutive-sequence/,binary-tree-longest-consecutive-sequence,"uploaded LeetCode Binary Tree list, full 180 paste"
314,Binary Tree Vertical Order Traversal,Medium,57.8%,Coordinate / vertical order,Group binary-tree nodes by vertical column in top-to-bottom order.,https://leetcode.com/problems/binary-tree-vertical-order-traversal/,binary-tree-vertical-order-traversal,"uploaded LeetCode Binary Tree list, full 180 paste"
331,Verify Preorder Serialization of a Binary Tree,Medium,47.3%,Serialization validation,Validate whether a preorder serialization string represents a valid binary tree.,https://leetcode.com/problems/verify-preorder-serialization-of-a-binary-tree/,verify-preorder-serialization-of-a-binary-tree,"uploaded LeetCode Binary Tree list, full 180 paste"
333,Largest BST Subtree,Medium,45.9%,BST-in-tree DP,Find the largest subtree that itself satisfies the BST invariant.,https://leetcode.com/problems/largest-bst-subtree/,largest-bst-subtree,"uploaded LeetCode Binary Tree list, full 180 paste"
337,House Robber III,Medium,55.9%,Tree DP / include-exclude,Maximize robbed value from tree nodes without robbing directly connected nodes.,https://leetcode.com/problems/house-robber-iii/,house-robber-iii,"uploaded LeetCode Binary Tree list, full 180 paste"
366,Find Leaves of Binary Tree,Medium,81.3%,Postorder height buckets,"Repeatedly collect and remove leaves, returning groups by removal round/height.",https://leetcode.com/problems/find-leaves-of-binary-tree/,find-leaves-of-binary-tree,"uploaded LeetCode Binary Tree list, full 180 paste"
404,Sum of Left Leaves,Easy,62.6%,Leaf logic,Sum the values of all leaves that are left children.,https://leetcode.com/problems/sum-of-left-leaves/,sum-of-left-leaves,"uploaded LeetCode Binary Tree list, full 180 paste"
426,Convert Binary Search Tree to Sorted Doubly Linked List,Medium,65.6%,BST to linked structure,Convert a BST to a sorted circular doubly linked list in-place.,https://leetcode.com/problems/convert-binary-search-tree-to-sorted-doubly-linked-list/,convert-binary-search-tree-to-sorted-doubly-linked-list,"uploaded LeetCode Binary Tree list, full 180 paste"
431,Encode N-ary Tree to Binary Tree,Hard,80.6%,N-ary/binary encoding,Design encoding from an N-ary tree to a binary tree and decoding back.,https://leetcode.com/problems/encode-n-ary-tree-to-binary-tree/,encode-n-ary-tree-to-binary-tree,"uploaded LeetCode Binary Tree list, full 180 paste"
437,Path Sum III,Medium,46.4%,Prefix-sum path counting,Count downward paths whose node values sum to a target; paths may start anywhere.,https://leetcode.com/problems/path-sum-iii/,path-sum-iii,"uploaded LeetCode Binary Tree list, full 180 paste"
449,Serialize and Deserialize BST,Medium,59.6%,BST serialization,Design serialization and deserialization specialized for BSTs.,https://leetcode.com/problems/serialize-and-deserialize-bst/,serialize-and-deserialize-bst,"uploaded LeetCode Binary Tree list, full 180 paste"
450,Delete Node in a BST,Medium,54.6%,BST update,Delete a node with a given key from a BST while preserving the BST invariant.,https://leetcode.com/problems/delete-node-in-a-bst/,delete-node-in-a-bst,"uploaded LeetCode Binary Tree list, full 180 paste"
501,Find Mode in Binary Search Tree,Easy,58.9%,BST frequency,Find the value or values that occur most frequently in a BST.,https://leetcode.com/problems/find-mode-in-binary-search-tree/,find-mode-in-binary-search-tree,"uploaded LeetCode Binary Tree list, full 180 paste"
508,Most Frequent Subtree Sum,Medium,69.2%,Subtree-sum frequency,Find the subtree-sum value or values that occur most often.,https://leetcode.com/problems/most-frequent-subtree-sum/,most-frequent-subtree-sum,"uploaded LeetCode Binary Tree list, full 180 paste"
510,Inorder Successor in BST II,Medium,61.1%,BST successor with parent,Find the inorder successor of a BST node that includes a parent pointer.,https://leetcode.com/problems/inorder-successor-in-bst-ii/,inorder-successor-in-bst-ii,"uploaded LeetCode Binary Tree list, full 180 paste"
513,Find Bottom Left Tree Value,Medium,72.3%,BFS/DFS view,Find the leftmost value on the deepest level of a binary tree.,https://leetcode.com/problems/find-bottom-left-tree-value/,find-bottom-left-tree-value,"uploaded LeetCode Binary Tree list, full 180 paste"
515,Find Largest Value in Each Tree Row,Medium,66.3%,BFS level aggregation,Return the largest value found on each level of a binary tree.,https://leetcode.com/problems/find-largest-value-in-each-tree-row/,find-largest-value-in-each-tree-row,"uploaded LeetCode Binary Tree list, full 180 paste"
530,Minimum Absolute Difference in BST,Easy,59.3%,BST inorder diff,Find the minimum absolute difference between values of any two BST nodes.,https://leetcode.com/problems/minimum-absolute-difference-in-bst/,minimum-absolute-difference-in-bst,"uploaded LeetCode Binary Tree list, full 180 paste"
536,Construct Binary Tree from String,Medium,58.7%,Construction from string,Construct a binary tree from a parenthesized string representation.,https://leetcode.com/problems/construct-binary-tree-from-string/,construct-binary-tree-from-string,"uploaded LeetCode Binary Tree list, full 180 paste"
538,Convert BST to Greater Tree,Medium,71.6%,BST reverse inorder accumulation,Convert a BST so each node stores its original value plus all greater values.,https://leetcode.com/problems/convert-bst-to-greater-tree/,convert-bst-to-greater-tree,"uploaded LeetCode Binary Tree list, full 180 paste"
543,Diameter of Binary Tree,Easy,65.4%,Postorder aggregate,Compute the diameter: the maximum number of edges on any path between two nodes.,https://leetcode.com/problems/diameter-of-binary-tree/,diameter-of-binary-tree,"uploaded LeetCode Binary Tree list, full 180 paste"
545,Boundary of Binary Tree,Medium,48.1%,Boundary decomposition,"Return the boundary traversal: root, left boundary, leaves, and reversed right boundary.",https://leetcode.com/problems/boundary-of-binary-tree/,boundary-of-binary-tree,"uploaded LeetCode Binary Tree list, full 180 paste"
549,Binary Tree Longest Consecutive Sequence II,Medium,50.1%,Tree DP / consecutive path,Find the longest consecutive path that may increase or decrease through parent-child links.,https://leetcode.com/problems/binary-tree-longest-consecutive-sequence-ii/,binary-tree-longest-consecutive-sequence-ii,"uploaded LeetCode Binary Tree list, full 180 paste"
563,Binary Tree Tilt,Easy,65.8%,Subtree-sum aggregate,"Compute the sum of each node's tilt, where tilt is the absolute difference of left/right subtree sums.",https://leetcode.com/problems/binary-tree-tilt/,binary-tree-tilt,"uploaded LeetCode Binary Tree list, full 180 paste"
572,Subtree of Another Tree,Easy,51.5%,Structural comparison,Check whether one binary tree occurs as an identical subtree of another.,https://leetcode.com/problems/subtree-of-another-tree/,subtree-of-another-tree,"uploaded LeetCode Binary Tree list, full 180 paste"
606,Construct String from Binary Tree,Medium,70.7%,Tree stringification,Create a parenthesized string representation of a binary tree with required empty-child markers.,https://leetcode.com/problems/construct-string-from-binary-tree/,construct-string-from-binary-tree,"uploaded LeetCode Binary Tree list, full 180 paste"
617,Merge Two Binary Trees,Easy,79.1%,Zipped tree merge,Merge two binary trees by summing overlapping nodes and preserving non-overlapping subtrees.,https://leetcode.com/problems/merge-two-binary-trees/,merge-two-binary-trees,"uploaded LeetCode Binary Tree list, full 180 paste"
623,Add One Row to Tree,Medium,64.1%,Mutation / insertion,Insert a row of nodes with a given value at a given depth.,https://leetcode.com/problems/add-one-row-to-tree/,add-one-row-to-tree,"uploaded LeetCode Binary Tree list, full 180 paste"
637,Average of Levels in Binary Tree,Easy,74.9%,BFS level aggregation,Return the average node value for each tree level.,https://leetcode.com/problems/average-of-levels-in-binary-tree/,average-of-levels-in-binary-tree,"uploaded LeetCode Binary Tree list, full 180 paste"
652,Find Duplicate Subtrees,Medium,60.7%,Subtree serialization,Find all duplicate subtrees by structure and values.,https://leetcode.com/problems/find-duplicate-subtrees/,find-duplicate-subtrees,"uploaded LeetCode Binary Tree list, full 180 paste"
653,Two Sum IV - Input is a BST,Easy,63.2%,BST two-sum,Determine whether two values in a BST sum to a target.,https://leetcode.com/problems/two-sum-iv-input-is-a-bst/,two-sum-iv-input-is-a-bst,"uploaded LeetCode Binary Tree list, full 180 paste"
654,Maximum Binary Tree,Medium,86.3%,Construction from array,Build the maximum binary tree from an array by recursively choosing the maximum as root.,https://leetcode.com/problems/maximum-binary-tree/,maximum-binary-tree,"uploaded LeetCode Binary Tree list, full 180 paste"
655,Print Binary Tree,Medium,66.6%,Tree layout,Lay out a binary tree into a 2D string matrix representation.,https://leetcode.com/problems/print-binary-tree/,print-binary-tree,"uploaded LeetCode Binary Tree list, full 180 paste"
662,Maximum Width of Binary Tree,Medium,45.5%,Coordinate / width,Find the maximum width of a binary tree including gaps between end nodes.,https://leetcode.com/problems/maximum-width-of-binary-tree/,maximum-width-of-binary-tree,"uploaded LeetCode Binary Tree list, full 180 paste"
663,Equal Tree Partition,Medium,42.3%,Subtree-sum partition,Determine whether removing one edge can split the tree into two equal-sum parts.,https://leetcode.com/problems/equal-tree-partition/,equal-tree-partition,"uploaded LeetCode Binary Tree list, full 180 paste"
666,Path Sum IV,Medium,62.9%,Encoded path sum,"Given encoded three-digit tree nodes, compute the sum of all root-to-leaf path sums.",https://leetcode.com/problems/path-sum-iv/,path-sum-iv,"uploaded LeetCode Binary Tree list, full 180 paste"
669,Trim a Binary Search Tree,Medium,66.7%,BST trim,Trim a BST so all remaining values lie inside an inclusive range.,https://leetcode.com/problems/trim-a-binary-search-tree/,trim-a-binary-search-tree,"uploaded LeetCode Binary Tree list, full 180 paste"
671,Second Minimum Node In a Binary Tree,Easy,46.1%,Special tree property,Find the second smallest value in a special binary tree where each parent is the smaller child value.,https://leetcode.com/problems/second-minimum-node-in-a-binary-tree/,second-minimum-node-in-a-binary-tree,"uploaded LeetCode Binary Tree list, full 180 paste"
687,Longest Univalue Path,Medium,43.8%,Tree DP / same-value path,Find the longest path where every node has the same value.,https://leetcode.com/problems/longest-univalue-path/,longest-univalue-path,"uploaded LeetCode Binary Tree list, full 180 paste"
700,Search in a Binary Search Tree,Easy,82.6%,BST search,Search a BST for a node with a given value.,https://leetcode.com/problems/search-in-a-binary-search-tree/,search-in-a-binary-search-tree,"uploaded LeetCode Binary Tree list, full 180 paste"
701,Insert into a Binary Search Tree,Medium,73.5%,BST insert,Insert a new value into a BST and return the root.,https://leetcode.com/problems/insert-into-a-binary-search-tree/,insert-into-a-binary-search-tree,"uploaded LeetCode Binary Tree list, full 180 paste"
703,Kth Largest Element in a Stream,Easy,60.9%,Out-of-category stream/heap,Maintain the kth largest value in a stream of integers.,https://leetcode.com/problems/kth-largest-element-in-a-stream/,kth-largest-element-in-a-stream,"uploaded LeetCode Binary Tree list, full 180 paste"
742,Closest Leaf in a Binary Tree,Medium,47.4%,Graph-converted tree,Find the value of the closest leaf to a target node in a binary tree.,https://leetcode.com/problems/closest-leaf-in-a-binary-tree/,closest-leaf-in-a-binary-tree,"uploaded LeetCode Binary Tree list, full 180 paste"
776,Split BST,Medium,82.2%,BST split,Split a BST into two trees: values <= target and values > target.,https://leetcode.com/problems/split-bst/,split-bst,"uploaded LeetCode Binary Tree list, full 180 paste"
783,Minimum Distance Between BST Nodes,Easy,61.3%,BST inorder diff,Find the minimum difference between values of any two BST nodes.,https://leetcode.com/problems/minimum-distance-between-bst-nodes/,minimum-distance-between-bst-nodes,"uploaded LeetCode Binary Tree list, full 180 paste"
814,Binary Tree Pruning,Medium,72.5%,Mutation / pruning,Prune every subtree that does not contain a node with value 1.,https://leetcode.com/problems/binary-tree-pruning/,binary-tree-pruning,"uploaded LeetCode Binary Tree list, full 180 paste"
863,All Nodes Distance K in Binary Tree,Medium,67.6%,Graph-converted tree,Return all node values at distance k from a target node in a binary tree.,https://leetcode.com/problems/all-nodes-distance-k-in-binary-tree/,all-nodes-distance-k-in-binary-tree,"uploaded LeetCode Binary Tree list, full 180 paste"
865,Smallest Subtree with all the Deepest Nodes,Medium,77.6%,Deepest-node LCA,Return the smallest subtree containing all deepest nodes.,https://leetcode.com/problems/smallest-subtree-with-all-the-deepest-nodes/,smallest-subtree-with-all-the-deepest-nodes,"uploaded LeetCode Binary Tree list, full 180 paste"
872,Leaf-Similar Trees,Easy,70.2%,Leaf sequence,Check whether two trees have the same left-to-right leaf value sequence.,https://leetcode.com/problems/leaf-similar-trees/,leaf-similar-trees,"uploaded LeetCode Binary Tree list, full 180 paste"
889,Construct Binary Tree from Preorder and Postorder Traversal,Medium,78.1%,Construction from traversals,Construct a binary tree from preorder and postorder traversals under the problem's uniqueness assumptions.,https://leetcode.com/problems/construct-binary-tree-from-preorder-and-postorder-traversal/,construct-binary-tree-from-preorder-and-postorder-traversal,"uploaded LeetCode Binary Tree list, full 180 paste"
894,All Possible Full Binary Trees,Medium,82.8%,Tree generation / Catalan,Generate all possible full binary trees with n nodes.,https://leetcode.com/problems/all-possible-full-binary-trees/,all-possible-full-binary-trees,"uploaded LeetCode Binary Tree list, full 180 paste"
897,Increasing Order Search Tree,Easy,79.0%,BST restructuring,Rearrange a BST into an increasing-order right-child-only tree.,https://leetcode.com/problems/increasing-order-search-tree/,increasing-order-search-tree,"uploaded LeetCode Binary Tree list, full 180 paste"
919,Complete Binary Tree Inserter,Medium,65.0%,Complete tree,Implement insertion into a complete binary tree while preserving completeness.,https://leetcode.com/problems/complete-binary-tree-inserter/,complete-binary-tree-inserter,"uploaded LeetCode Binary Tree list, full 180 paste"
938,Range Sum of BST,Easy,87.6%,BST range query,Return the sum of BST values within an inclusive range.,https://leetcode.com/problems/range-sum-of-bst/,range-sum-of-bst,"uploaded LeetCode Binary Tree list, full 180 paste"
951,Flip Equivalent Binary Trees,Medium,69.5%,Structural comparison,Determine whether two trees are equivalent when any nodes may have their children flipped.,https://leetcode.com/problems/flip-equivalent-binary-trees/,flip-equivalent-binary-trees,"uploaded LeetCode Binary Tree list, full 180 paste"
958,Check Completeness of a Binary Tree,Medium,59.1%,Complete tree,Check whether a binary tree satisfies the complete-tree left-to-right filling property.,https://leetcode.com/problems/check-completeness-of-a-binary-tree/,check-completeness-of-a-binary-tree,"uploaded LeetCode Binary Tree list, full 180 paste"
965,Univalued Binary Tree,Easy,73.0%,Structural value check,Check whether all nodes in a binary tree have the same value.,https://leetcode.com/problems/univalued-binary-tree/,univalued-binary-tree,"uploaded LeetCode Binary Tree list, full 180 paste"
968,Binary Tree Cameras,Hard,47.9%,Tree DP / greedy states,Place the fewest cameras so every tree node is monitored.,https://leetcode.com/problems/binary-tree-cameras/,binary-tree-cameras,"uploaded LeetCode Binary Tree list, full 180 paste"
971,Flip Binary Tree To Match Preorder Traversal,Medium,51.9%,Mutation / preorder matching,"Flip children as needed so a tree's preorder traversal matches a target voyage, or report impossibility.",https://leetcode.com/problems/flip-binary-tree-to-match-preorder-traversal/,flip-binary-tree-to-match-preorder-traversal,"uploaded LeetCode Binary Tree list, full 180 paste"
979,Distribute Coins in Binary Tree,Medium,77.3%,Tree DP / postorder aggregation,Compute the minimum moves needed so every node has exactly one coin by moving coins along edges.,https://leetcode.com/problems/distribute-coins-in-binary-tree/,distribute-coins-in-binary-tree,"uploaded LeetCode Binary Tree list, full 180 paste"
987,Vertical Order Traversal of a Binary Tree,Hard,53.6%,Positional / geometric traversal,Return nodes grouped by vertical column with ordering rules based on row and value.,https://leetcode.com/problems/vertical-order-traversal-of-a-binary-tree/,vertical-order-traversal-of-a-binary-tree,"uploaded LeetCode Binary Tree list, full 180 paste"
988,Smallest String Starting From Leaf,Medium,61.2%,Root-to-leaf / path state,Find the lexicographically smallest string formed from a leaf up to the root.,https://leetcode.com/problems/smallest-string-starting-from-leaf/,smallest-string-starting-from-leaf,"uploaded LeetCode Binary Tree list, full 180 paste"
993,Cousins in Binary Tree,Easy,59.3%,BFS level traversal,Determine whether two nodes are at the same depth but have different parents.,https://leetcode.com/problems/cousins-in-binary-tree/,cousins-in-binary-tree,"uploaded LeetCode Binary Tree list, full 180 paste"
998,Maximum Binary Tree II,Medium,70.4%,General binary tree,Insert a value into the array-derived maximum binary tree while preserving its construction rule.,https://leetcode.com/problems/maximum-binary-tree-ii/,maximum-binary-tree-ii,"uploaded LeetCode Binary Tree list, full 180 paste"
1008,Construct Binary Search Tree from Preorder Traversal,Medium,84.2%,BST construction / transformation,Build the BST represented by a preorder traversal sequence.,https://leetcode.com/problems/construct-binary-search-tree-from-preorder-traversal/,construct-binary-search-tree-from-preorder-traversal,"uploaded LeetCode Binary Tree list, full 180 paste"
1022,Sum of Root To Leaf Binary Numbers,Easy,76.6%,Root-to-leaf / path state,Interpret each root-to-leaf path as a binary number and sum all such numbers.,https://leetcode.com/problems/sum-of-root-to-leaf-binary-numbers/,sum-of-root-to-leaf-binary-numbers,"uploaded LeetCode Binary Tree list, full 180 paste"
1026,Maximum Difference Between Node and Ancestor,Medium,78.2%,Structural DFS / subtree properties,Find the largest absolute difference between a node and one of its ancestors.,https://leetcode.com/problems/maximum-difference-between-node-and-ancestor/,maximum-difference-between-node-and-ancestor,"uploaded LeetCode Binary Tree list, full 180 paste"
1028,Recover a Tree From Preorder Traversal,Hard,83.2%,Construction / parsing,Reconstruct a binary tree from a preorder string annotated with node depths.,https://leetcode.com/problems/recover-a-tree-from-preorder-traversal/,recover-a-tree-from-preorder-traversal,"uploaded LeetCode Binary Tree list, full 180 paste"
1038,Binary Search Tree to Greater Sum Tree,Medium,88.4%,BST invariant / mutation,Transform each BST node into the sum of all values greater than or equal to it.,https://leetcode.com/problems/binary-search-tree-to-greater-sum-tree/,binary-search-tree-to-greater-sum-tree,"uploaded LeetCode Binary Tree list, full 180 paste"
1080,Insufficient Nodes in Root to Leaf Paths,Medium,55.1%,Root-to-leaf / path state,Prune nodes that do not lie on any root-to-leaf path meeting a limit.,https://leetcode.com/problems/insufficient-nodes-in-root-to-leaf-paths/,insufficient-nodes-in-root-to-leaf-paths,"uploaded LeetCode Binary Tree list, full 180 paste"
1104,Path In Zigzag Labelled Binary Tree,Medium,75.7%,Root-to-leaf / path state,Return the path from root to a label in a perfect binary tree whose levels are alternately reversed.,https://leetcode.com/problems/path-in-zigzag-labelled-binary-tree/,path-in-zigzag-labelled-binary-tree,"uploaded LeetCode Binary Tree list, full 180 paste"
1110,Delete Nodes And Return Forest,Medium,72.5%,Tree mutation / transformation,Delete selected values from a tree and return the resulting forest roots.,https://leetcode.com/problems/delete-nodes-and-return-forest/,delete-nodes-and-return-forest,"uploaded LeetCode Binary Tree list, full 180 paste"
1120,Maximum Average Subtree,Medium,66.9%,Structural matching / comparison,Find the maximum average value among all subtrees.,https://leetcode.com/problems/maximum-average-subtree/,maximum-average-subtree,"uploaded LeetCode Binary Tree list, full 180 paste"
1123,Lowest Common Ancestor of Deepest Leaves,Medium,79.4%,Tree as graph / ancestor paths,Return the lowest common ancestor of all deepest leaves.,https://leetcode.com/problems/lowest-common-ancestor-of-deepest-leaves/,lowest-common-ancestor-of-deepest-leaves,"uploaded LeetCode Binary Tree list, full 180 paste"
1145,Binary Tree Coloring Game,Medium,52.9%,General binary tree,Determine whether the second player can win by choosing an advantageous node region.,https://leetcode.com/problems/binary-tree-coloring-game/,binary-tree-coloring-game,"uploaded LeetCode Binary Tree list, full 180 paste"
1161,Maximum Level Sum of a Binary Tree,Medium,70.0%,BFS level traversal,Find the level whose node values have the largest sum.,https://leetcode.com/problems/maximum-level-sum-of-a-binary-tree/,maximum-level-sum-of-a-binary-tree,"uploaded LeetCode Binary Tree list, full 180 paste"
1214,Two Sum BSTs,Medium,68.2%,BST ordered query,Check whether one node from each of two BSTs can sum to a target.,https://leetcode.com/problems/two-sum-bsts/,two-sum-bsts,"uploaded LeetCode Binary Tree list, full 180 paste"
1261,Find Elements in a Contaminated Binary Tree,Medium,84.1%,General binary tree,Recover values in a contaminated tree and support membership queries.,https://leetcode.com/problems/find-elements-in-a-contaminated-binary-tree/,find-elements-in-a-contaminated-binary-tree,"uploaded LeetCode Binary Tree list, full 180 paste"
1302,Deepest Leaves Sum,Medium,86.5%,Root-to-leaf / path state,Compute the sum of all nodes at the deepest level.,https://leetcode.com/problems/deepest-leaves-sum/,deepest-leaves-sum,"uploaded LeetCode Binary Tree list, full 180 paste"
1305,All Elements in Two Binary Search Trees,Medium,80.3%,BST invariant / mutation,Return all values from two BSTs in sorted order.,https://leetcode.com/problems/all-elements-in-two-binary-search-trees/,all-elements-in-two-binary-search-trees,"uploaded LeetCode Binary Tree list, full 180 paste"
1315,Sum of Nodes with Even-Valued Grandparent,Medium,85.9%,General binary tree,Sum values of nodes whose grandparent has an even value.,https://leetcode.com/problems/sum-of-nodes-with-even-valued-grandparent/,sum-of-nodes-with-even-valued-grandparent,"uploaded LeetCode Binary Tree list, full 180 paste"
1325,Delete Leaves With a Given Value,Medium,77.3%,Root-to-leaf / path state,Repeatedly delete leaf nodes whose value matches a target.,https://leetcode.com/problems/delete-leaves-with-a-given-value/,delete-leaves-with-a-given-value,"uploaded LeetCode Binary Tree list, full 180 paste"
1339,Maximum Product of Splitted Binary Tree,Medium,55.7%,Tree DP / postorder aggregation,Remove one edge and maximize the product of the sums of the resulting subtrees.,https://leetcode.com/problems/maximum-product-of-splitted-binary-tree/,maximum-product-of-splitted-binary-tree,"uploaded LeetCode Binary Tree list, full 180 paste"
1361,Validate Binary Tree Nodes,Medium,44.1%,General binary tree,"Given child-index arrays, determine whether they form exactly one valid binary tree.",https://leetcode.com/problems/validate-binary-tree-nodes/,validate-binary-tree-nodes,"uploaded LeetCode Binary Tree list, full 180 paste"
1367,Linked List in Binary Tree,Medium,52.0%,Structural matching / comparison,Check whether a linked list appears as a downward path in a binary tree.,https://leetcode.com/problems/linked-list-in-binary-tree/,linked-list-in-binary-tree,"uploaded LeetCode Binary Tree list, full 180 paste"
1372,Longest ZigZag Path in a Binary Tree,Medium,67.1%,Root-to-leaf / path state,Find the longest path that alternates between left and right child moves.,https://leetcode.com/problems/longest-zigzag-path-in-a-binary-tree/,longest-zigzag-path-in-a-binary-tree,"uploaded LeetCode Binary Tree list, full 180 paste"
1373,Maximum Sum BST in Binary Tree,Hard,47.2%,BST invariant / mutation,Find the maximum sum over all subtrees that satisfy the BST property.,https://leetcode.com/problems/maximum-sum-bst-in-binary-tree/,maximum-sum-bst-in-binary-tree,"uploaded LeetCode Binary Tree list, full 180 paste"
1379,Find a Corresponding Node of a Binary Tree in a Clone of That Tree,Easy,85.8%,Structural matching / comparison,Locate in a cloned tree the node corresponding to a target node in the original tree.,https://leetcode.com/problems/find-a-corresponding-node-of-a-binary-tree-in-a-clone-of-that-tree/,find-a-corresponding-node-of-a-binary-tree-in-a-clone-of-that-tree,"uploaded LeetCode Binary Tree list, full 180 paste"
1382,Balance a Binary Search Tree,Medium,86.3%,BST construction / transformation,Rebuild a BST into a height-balanced BST containing the same values.,https://leetcode.com/problems/balance-a-binary-search-tree/,balance-a-binary-search-tree,"uploaded LeetCode Binary Tree list, full 180 paste"
1430,Check If a String Is a Valid Sequence from Root to Leaves Path in a Binary Tree,Medium,47.5%,Root-to-leaf / path state,Check whether an array exactly matches some root-to-leaf path.,https://leetcode.com/problems/check-if-a-string-is-a-valid-sequence-from-root-to-leaves-path-in-a-binary-tree/,check-if-a-string-is-a-valid-sequence-from-root-to-leaves-path-in-a-binary-tree,"uploaded LeetCode Binary Tree list, full 180 paste"
1448,Count Good Nodes in Binary Tree,Medium,73.8%,Structural DFS / subtree properties,Count nodes that are at least as large as every value on the root-to-node path before them.,https://leetcode.com/problems/count-good-nodes-in-binary-tree/,count-good-nodes-in-binary-tree,"uploaded LeetCode Binary Tree list, full 180 paste"
1457,Pseudo-Palindromic Paths in a Binary Tree,Medium,68.4%,Root-to-leaf / path state,Count root-to-leaf paths whose values can be rearranged into a palindrome.,https://leetcode.com/problems/pseudo-palindromic-paths-in-a-binary-tree/,pseudo-palindromic-paths-in-a-binary-tree,"uploaded LeetCode Binary Tree list, full 180 paste"
1469,Find All The Lonely Nodes,Easy,84.1%,Structural DFS / subtree properties,Return nodes that are the only child of their parent.,https://leetcode.com/problems/find-all-the-lonely-nodes/,find-all-the-lonely-nodes,"uploaded LeetCode Binary Tree list, full 180 paste"
1485,Clone Binary Tree With Random Pointer,Medium,80.9%,Structural matching / comparison,Deep-copy a binary tree whose nodes also have random pointers.,https://leetcode.com/problems/clone-binary-tree-with-random-pointer/,clone-binary-tree-with-random-pointer,"uploaded LeetCode Binary Tree list, full 180 paste"
1530,Number of Good Leaf Nodes Pairs,Medium,71.8%,Root-to-leaf / path state,Count leaf pairs whose shortest path distance is at most a given bound.,https://leetcode.com/problems/number-of-good-leaf-nodes-pairs/,number-of-good-leaf-nodes-pairs,"uploaded LeetCode Binary Tree list, full 180 paste"
1569,Number of Ways to Reorder Array to Get Same BST,Hard,54.1%,BST construction / transformation,Count reorderings of an array that produce the same BST insertion shape.,https://leetcode.com/problems/number-of-ways-to-reorder-array-to-get-same-bst/,number-of-ways-to-reorder-array-to-get-same-bst,"uploaded LeetCode Binary Tree list, full 180 paste"
1586,Binary Search Tree Iterator II,Medium,63.4%,BST iterator / ordered traversal,Design a BST iterator that can move forward and backward in sorted order.,https://leetcode.com/problems/binary-search-tree-iterator-ii/,binary-search-tree-iterator-ii,"uploaded LeetCode Binary Tree list, full 180 paste"
1597,Build Binary Expression Tree From Infix Expression,Hard,62.8%,Construction / parsing,Parse an infix expression and build its binary expression tree.,https://leetcode.com/problems/build-binary-expression-tree-from-infix-expression/,build-binary-expression-tree-from-infix-expression,"uploaded LeetCode Binary Tree list, full 180 paste"
1602,Find Nearest Right Node in Binary Tree,Medium,75.1%,BFS level traversal,Find the node immediately to the right of a target on the same level.,https://leetcode.com/problems/find-nearest-right-node-in-binary-tree/,find-nearest-right-node-in-binary-tree,"uploaded LeetCode Binary Tree list, full 180 paste"
1609,Even Odd Tree,Medium,67.1%,BFS level traversal,Check alternating level parity and strict ordering constraints.,https://leetcode.com/problems/even-odd-tree/,even-odd-tree,"uploaded LeetCode Binary Tree list, full 180 paste"
1612,Check If Two Expression Trees are Equivalent,Medium,71.7%,Construction / parsing,Determine whether two expression trees represent equivalent expressions.,https://leetcode.com/problems/check-if-two-expression-trees-are-equivalent/,check-if-two-expression-trees-are-equivalent,"uploaded LeetCode Binary Tree list, full 180 paste"
1628,Design an Expression Tree With Evaluate Function,Medium,82.5%,Construction / parsing,Design expression-tree nodes that can evaluate an arithmetic expression.,https://leetcode.com/problems/design-an-expression-tree-with-evaluate-function/,design-an-expression-tree-with-evaluate-function,"uploaded LeetCode Binary Tree list, full 180 paste"
1644,Lowest Common Ancestor of a Binary Tree II,Medium,69.6%,Tree as graph / ancestor paths,Find LCA when either requested node may be absent from the tree.,https://leetcode.com/problems/lowest-common-ancestor-of-a-binary-tree-ii/,lowest-common-ancestor-of-a-binary-tree-ii,"uploaded LeetCode Binary Tree list, full 180 paste"
1650,Lowest Common Ancestor of a Binary Tree III,Medium,83.0%,Tree as graph / ancestor paths,Find LCA when nodes include parent pointers.,https://leetcode.com/problems/lowest-common-ancestor-of-a-binary-tree-iii/,lowest-common-ancestor-of-a-binary-tree-iii,"uploaded LeetCode Binary Tree list, full 180 paste"
1660,Correct a Binary Tree,Medium,74.3%,Tree mutation / transformation,Remove an invalid node whose right pointer incorrectly targets another node on the same level.,https://leetcode.com/problems/correct-a-binary-tree/,correct-a-binary-tree,"uploaded LeetCode Binary Tree list, full 180 paste"
1666,Change the Root of a Binary Tree,Medium,75.2%,Tree mutation / transformation,Reroot a binary tree at a leaf while updating parent-child pointers.,https://leetcode.com/problems/change-the-root-of-a-binary-tree/,change-the-root-of-a-binary-tree,"uploaded LeetCode Binary Tree list, full 180 paste"
1676,Lowest Common Ancestor of a Binary Tree IV,Medium,79.6%,Tree as graph / ancestor paths,Find the LCA of a set of multiple nodes.,https://leetcode.com/problems/lowest-common-ancestor-of-a-binary-tree-iv/,lowest-common-ancestor-of-a-binary-tree-iv,"uploaded LeetCode Binary Tree list, full 180 paste"
1740,Find Distance in a Binary Tree,Medium,74.3%,Tree as graph / ancestor paths,Compute the number of edges between two node values in a binary tree.,https://leetcode.com/problems/find-distance-in-a-binary-tree/,find-distance-in-a-binary-tree,"uploaded LeetCode Binary Tree list, full 180 paste"
1902,Depth of BST Given Insertion Order,Medium,42.5%,BST construction / transformation,Compute the depth of the BST produced by inserting values in the given order.,https://leetcode.com/problems/depth-of-bst-given-insertion-order/,depth-of-bst-given-insertion-order,"uploaded LeetCode Binary Tree list, full 180 paste"
1932,Merge BSTs to Create Single BST,Hard,38.7%,BST construction / transformation,Merge several small BSTs into one valid BST if possible.,https://leetcode.com/problems/merge-bsts-to-create-single-bst/,merge-bsts-to-create-single-bst,"uploaded LeetCode Binary Tree list, full 180 paste"
1973,Count Nodes Equal to Sum of Descendants,Medium,77.3%,Structural DFS / subtree properties,Count nodes whose value equals the sum of values in their descendant nodes.,https://leetcode.com/problems/count-nodes-equal-to-sum-of-descendants/,count-nodes-equal-to-sum-of-descendants,"uploaded LeetCode Binary Tree list, full 180 paste"
2005,Subtree Removal Game with Fibonacci Tree,Hard,57.5%,Structural matching / comparison,Solve a game on a Fibonacci-shaped tree after subtree removals.,https://leetcode.com/problems/subtree-removal-game-with-fibonacci-tree/,subtree-removal-game-with-fibonacci-tree,"uploaded LeetCode Binary Tree list, full 180 paste"
2049,Count Nodes With the Highest Score,Medium,52.7%,Tree DP / postorder aggregation,Count nodes whose removal gives the maximum product of component sizes.,https://leetcode.com/problems/count-nodes-with-the-highest-score/,count-nodes-with-the-highest-score,"uploaded LeetCode Binary Tree list, full 180 paste"
2096,Step-By-Step Directions From a Binary Tree Node to Another,Medium,56.4%,Tree as graph / ancestor paths,Return directions for moving from one node value to another in a binary tree.,https://leetcode.com/problems/step-by-step-directions-from-a-binary-tree-node-to-another/,step-by-step-directions-from-a-binary-tree-node-to-another,"uploaded LeetCode Binary Tree list, full 180 paste"
2196,Create Binary Tree From Descriptions,Medium,81.7%,Construction / parsing,Build a binary tree from parent-child-isLeft descriptions.,https://leetcode.com/problems/create-binary-tree-from-descriptions/,create-binary-tree-from-descriptions,"uploaded LeetCode Binary Tree list, full 180 paste"
2236,Root Equals Sum of Children,Easy,84.9%,Structural DFS / subtree properties,Check whether the root value equals the sum of its two children.,https://leetcode.com/problems/root-equals-sum-of-children/,root-equals-sum-of-children,"uploaded LeetCode Binary Tree list, full 180 paste"
2265,Count Nodes Equal to Average of Subtree,Medium,86.8%,Tree DP / postorder aggregation,Count nodes whose value equals the integer average of their subtree.,https://leetcode.com/problems/count-nodes-equal-to-average-of-subtree/,count-nodes-equal-to-average-of-subtree,"uploaded LeetCode Binary Tree list, full 180 paste"
2313,Minimum Flips in Binary Tree to Get Result,Hard,56.8%,Tree DP / postorder aggregation,Compute the minimum leaf-value flips needed for a boolean expression tree to evaluate to a target result.,https://leetcode.com/problems/minimum-flips-in-binary-tree-to-get-result/,minimum-flips-in-binary-tree-to-get-result,"uploaded LeetCode Binary Tree list, full 180 paste"
2331,Evaluate Boolean Binary Tree,Easy,82.4%,General binary tree,Evaluate a boolean expression encoded as a binary tree.,https://leetcode.com/problems/evaluate-boolean-binary-tree/,evaluate-boolean-binary-tree,"uploaded LeetCode Binary Tree list, full 180 paste"
2385,Amount of Time for Binary Tree to Be Infected,Medium,65.3%,Tree as graph / ancestor paths,Compute how long infection spreads from a start node through tree edges.,https://leetcode.com/problems/amount-of-time-for-binary-tree-to-be-infected/,amount-of-time-for-binary-tree-to-be-infected,"uploaded LeetCode Binary Tree list, full 180 paste"
2415,Reverse Odd Levels of Binary Tree,Medium,86.7%,BFS level traversal,Reverse node values on odd levels of a perfect binary tree.,https://leetcode.com/problems/reverse-odd-levels-of-binary-tree/,reverse-odd-levels-of-binary-tree,"uploaded LeetCode Binary Tree list, full 180 paste"
2445,Number of Nodes With Value One,Medium,66.0%,General binary tree,"After subtree flip operations, count nodes whose final value is one.",https://leetcode.com/problems/number-of-nodes-with-value-one/,number-of-nodes-with-value-one,"uploaded LeetCode Binary Tree list, full 180 paste"
2458,Height of Binary Tree After Subtree Removal Queries,Hard,54.9%,Structural matching / comparison,Answer subtree-removal queries asking for the remaining tree height.,https://leetcode.com/problems/height-of-binary-tree-after-subtree-removal-queries/,height-of-binary-tree-after-subtree-removal-queries,"uploaded LeetCode Binary Tree list, full 180 paste"
2471,Minimum Number of Operations to Sort a Binary Tree by Level,Medium,74.2%,BFS level traversal,"For each level, compute swaps needed to sort its values and sum them.",https://leetcode.com/problems/minimum-number-of-operations-to-sort-a-binary-tree-by-level/,minimum-number-of-operations-to-sort-a-binary-tree-by-level,"uploaded LeetCode Binary Tree list, full 180 paste"
2476,Closest Nodes Queries in a Binary Search Tree,Medium,44.4%,BST ordered query,"For each query, find the closest floor and ceiling values in a BST.",https://leetcode.com/problems/closest-nodes-queries-in-a-binary-search-tree/,closest-nodes-queries-in-a-binary-search-tree,"uploaded LeetCode Binary Tree list, full 180 paste"
2509,Cycle Length Queries in a Tree,Hard,60.3%,Tree as graph / ancestor paths,Answer cycle-length queries in an implicit complete binary tree after adding an edge.,https://leetcode.com/problems/cycle-length-queries-in-a-tree/,cycle-length-queries-in-a-tree,"uploaded LeetCode Binary Tree list, full 180 paste"
2583,Kth Largest Sum in a Binary Tree,Medium,59.0%,BFS level traversal,Compute level sums and return the kth largest one.,https://leetcode.com/problems/kth-largest-sum-in-a-binary-tree/,kth-largest-sum-in-a-binary-tree,"uploaded LeetCode Binary Tree list, full 180 paste"
2641,Cousins in Binary Tree II,Medium,75.8%,BFS level traversal,Replace each node value using cousin-level sums.,https://leetcode.com/problems/cousins-in-binary-tree-ii/,cousins-in-binary-tree-ii,"uploaded LeetCode Binary Tree list, full 180 paste"
2673,Make Costs of Paths Equal in a Binary Tree,Medium,58.4%,Root-to-leaf / path state,Increment node costs so all root-to-leaf path costs become equal with minimum operations.,https://leetcode.com/problems/make-costs-of-paths-equal-in-a-binary-tree/,make-costs-of-paths-equal-in-a-binary-tree,"uploaded LeetCode Binary Tree list, full 180 paste"
2689,Extract Kth Character From The Rope Tree,Easy,73.4%,Out-of-category / tree-adjacent,Return the kth character represented by a rope tree.,https://leetcode.com/problems/extract-kth-character-from-the-rope-tree/,extract-kth-character-from-the-rope-tree,"uploaded LeetCode Binary Tree list, full 180 paste"
2764,Is Array a Preorder of Some Binary Tree,Medium,67.8%,DFS traversal,Check whether an array can represent the preorder traversal of some binary tree under the problem constraints.,https://leetcode.com/problems/is-array-a-preorder-of-some-binary-tree/,is-array-a-preorder-of-some-binary-tree,"uploaded LeetCode Binary Tree list, full 180 paste"
2773,Height of Special Binary Tree,Medium,74.4%,Structural DFS / subtree properties,Compute the height of a special binary tree representation.,https://leetcode.com/problems/height-of-special-binary-tree/,height-of-special-binary-tree,"uploaded LeetCode Binary Tree list, full 180 paste"
2792,Count Nodes That Are Great Enough,Hard,56.5%,Tree DP / postorder aggregation,Count nodes satisfying a subtree-order statistic condition.,https://leetcode.com/problems/count-nodes-that-are-great-enough/,count-nodes-that-are-great-enough,"uploaded LeetCode Binary Tree list, full 180 paste"
3157,Find the Level of Tree with Minimum Sum,Medium,69.6%,BFS level traversal,Find the tree level whose node values have the smallest sum.,https://leetcode.com/problems/find-the-level-of-tree-with-minimum-sum/,find-the-level-of-tree-with-minimum-sum,"uploaded LeetCode Binary Tree list, full 180 paste"
3319,K-th Largest Perfect Subtree Size in Binary Tree,Medium,62.2%,Tree DP / postorder aggregation,Find perfect binary subtrees and return the kth largest subtree size.,https://leetcode.com/problems/k-th-largest-perfect-subtree-size-in-binary-tree/,k-th-largest-perfect-subtree-size-in-binary-tree,"uploaded LeetCode Binary Tree list, full 180 paste"
3526,Range XOR Queries with Subarray Reversals,Hard,62.6%,Out-of-category / tree-adjacent,Answer range XOR queries with subarray reversal updates; included in the tag list but not a core binary-tree problem.,https://leetcode.com/problems/range-xor-queries-with-subarray-reversals/,range-xor-queries-with-subarray-reversals,"uploaded LeetCode Binary Tree list, full 180 paste"
3831,Median of a Binary Search Tree Level,Medium,88.0%,BST ordered query,Compute or query medians of values by BST level.,https://leetcode.com/problems/median-of-a-binary-search-tree-level/,median-of-a-binary-search-tree-level,"uploaded LeetCode Binary Tree list, full 180 paste"
3879,Maximum Distinct Path Sum in a Binary Tree,Medium,57.3%,Root-to-leaf / path state,Find a maximum path sum subject to distinct-value constraints.,https://leetcode.com/problems/maximum-distinct-path-sum-in-a-binary-tree/,maximum-distinct-path-sum-in-a-binary-tree,"uploaded LeetCode Binary Tree list, full 180 paste"
3902,Zigzag Level Sum of Binary Tree,Medium,73.6%,BFS level traversal,Compute a zigzag-signed or alternating level sum as defined by the problem.,https://leetcode.com/problems/zigzag-level-sum-of-binary-tree/,zigzag-level-sum-of-binary-tree,"uploaded LeetCode Binary Tree list, full 180 paste"